heureux;1;adj
aujourd_hui;1;adv_sup
participer;1;ver
inauguration;1;nom
oublier;1;ver
naître;1;ver
souffrance;1;nom
sohane;1;nr
samirabellil;1;nr
shérazade;1;nr
tant;1;adv_sup
intolérable;1;adj
inacceptable;1;adj
barbare;1;nom
y;1;pro_per
mot;1;nom
qualifier;1;ver
monter;1;ver
certain;1;adj_ind
communautarisme;1;nr
lever;1;ver
vérité;1;nom
écho;1;nom
retentir;1;ver
coeur;1;nom
esprit;1;nom
défendre;1;ver
valeur;1;nom
essentiel;1;nom
primauté;1;nom
dignité;1;nom
homme;1;nom
chance;1;nom
mobiliser;1;ver
nation;1;nom
forme;1;nom
école;1;nom
hélas;1;ono
actuellement;1;adv
conjugal;1;adj
année;1;nom
mois;1;nom
semaine;1;nom
innocent;1;adj
secret;1;nom
familial;1;adj
évoquer;1;ver
excision;1;nom
mariage;1;nom
forcer;1;ver
pur;1;adj
barbarie;1;nom
comme;1;con
récemment;1;adv
ilanhalimi;1;nr
benoîtsavean;1;nr
marquer;1;ver
avant;1;pre
mépris;1;nom
total;1;adj
humain;1;adj
à_juste_titre;1;nr
conviction;1;nom
recherché;1;adj
poursuivre;1;ver
condamner;1;ver
exemplaire;1;adj
domaine;1;nom
également;1;adv
diversité;1;nom
différence;1;nom
agir;1;ver
sexe;1;nom
culture;1;nom
mieux;1;adv_sup
impliquer;1;ver
rénovation;1;nom
urbain;1;adj
particulier;1;adj
casser;1;ver
ghetto;1;nom
plaie;1;nom
notre;1;adj_pos
situation;1;nom
actuel;1;adj
développement;1;nom
logement;1;nom
bien_sûr;1;adv
discrimination;1;nom
monsieur;1;nom_sup
schweitzer;1;nr
ici;1;adv_sup
animer;1;ver
extrêmement;1;adv
encourager;1;ver
réserve;1;nom
affirmation;1;nom
intransigeant;1;adj
laïcité;1;nom
garantie;1;nom
répression;1;nom
propos;1;nom
sexiste;1;adj
homophobe;1;adj
voir;1;ver
parfois;1;adv_sup
au_delà;1;adv
engagement;1;nom
partisan;1;nom
politique;1;nom
libre;1;adj
vouloir;1;ver_sup
normalement;1;adv
renier;1;ver
rien;1;pro_ind
famille;1;nom
leurs;1;adj_pos
hypothèse;1;nom
refuser;1;ver
soumettre;1;ver
plaindre;1;ver
tradition;1;nom
coutume;1;nom
permanence;1;nom
renforcer;1;ver
adapter;1;ver
efficacement;1;adv
illustrez;1;nr
incarner;1;ver
républicain;1;adj
mobilisation;1;nom
notamment;1;adv
association;1;nom
nombreux;1;adj
bouger;1;ver
chose;1;nom
remercier;1;ver
réalisation;1;nom
sentir;1;ver
pourquoi;1;con
parce_que;1;con
ouvrir;1;ver
information;1;nom
chacun;1;pro_ind
soutien;1;nom
échange;1;nom
pouvoir;1;ver_sup
retrouver;1;ver
engager;1;ver
fraternité;1;nom
surcroît;1;nom
initiative;1;nom
histoire;1;nom
humanité;1;nom
tension;1;nom
apaiser;1;ver
liberté;1;nom
progresser;1;ver
toujours;1;adv_sup
quand;1;con
mère;1;nom
soeur;1;nom
alors;1;adv_sup
invitation;1;nom
accueil;1;nom
moi;1;pro_per
terminer;1;ver
rendre;1;ver
service;1;nom
au;1;art_def
monde;1;nom